"Status","Start Time","Stop Time","Duration in ms","Parent Suite","Suite","Sub Suite","Test Class","Test Method","Name","Description"
"passed","Sun May 10 06:56:07 MSK 2026","Sun May 10 06:56:28 MSK 2026","21377","","Критические дымовые тесты - Справочники - Запись","","","","Закрыть окно о копии базы",""
"passed","Sun May 10 06:48:53 MSK 2026","Sun May 10 06:49:01 MSK 2026","7694","","Казуальные дымовые тесты - Справочники - Запись","","","","Запись элемента справочника ""Триггеры"" (CRM_Триггеры)",""
"passed","Sun May 10 05:53:20 MSK 2026","Sun May 10 05:53:28 MSK 2026","7777","","Казуальные дымовые тесты - Документы - Открытие, проведение, запись","","","","Запись элемента документа ""Установка лимитов по картам сотрудников"" (УстановкаЛимитовПоКартамСотрудников)",""
"passed","Sun May 10 05:48:53 MSK 2026","Sun May 10 05:48:58 MSK 2026","4967","","Казуальные дымовые тесты - Документы - Открытие, проведение, запись","","","","Запись элемента документа ""Перемещение по коробкам"" (ПеремещениеПоКоробкам)",""
"passed","Sun May 10 06:49:01 MSK 2026","Sun May 10 06:49:09 MSK 2026","7829","","Казуальные дымовые тесты - Справочники - Запись","","","","Запись элемента справочника ""Кассы ККМ"" (КассыККМ)",""
"passed","Sun May 10 05:57:32 MSK 2026","Sun May 10 05:57:45 MSK 2026","12253","","Казуальные дымовые тесты - Документы - Открытие, проведение, запись","","","","Запись элемента документа ""Отражение прочих доходов и расходов"" (ПрочиеДоходыРасходы)",""
"passed","Sun May 10 06:29:37 MSK 2026","Sun May 10 06:29:45 MSK 2026","7683","","Казуальные дымовые тесты - Справочники - Запись","","","","Запись элемента справочника ""Промокоды"" (Промокоды)",""
"passed","Sun May 10 05:05:14 MSK 2026","Sun May 10 05:14:43 MSK 2026","568857","","Печатная форма - Расходная","","","","НЕОТРЕН",""
"passed","Sun May 10 05:48:46 MSK 2026","Sun May 10 05:48:53 MSK 2026","7335","","Казуальные дымовые тесты - Документы - Открытие, проведение, запись","","","","Запись элемента документа ""Авансовый отчет"" (АвансовыйОтчет)",""
"passed","Sun May 10 07:42:54 MSK 2026","Sun May 10 07:43:11 MSK 2026","16892","","Казуальные дымовые тесты - Группы справочников - Запись","","","","Запись группы элементов справочника ""Группы доступа"" (ГруппыДоступа)",""
"passed","Sun May 10 06:33:44 MSK 2026","Sun May 10 06:33:52 MSK 2026","7696","","Казуальные дымовые тесты - Справочники - Запись","","","","Запись элемента справочника ""Цвета базовые"" (Цвета)",""
"passed","Sun May 10 05:51:05 MSK 2026","Sun May 10 05:51:10 MSK 2026","4984","","Казуальные дымовые тесты - Документы - Открытие, проведение, запись","","","","Запись элемента документа ""Выемка денежных средств из кассы ККМ"" (ВыемкаДенежныхСредствИзКассыККМ)",""
"passed","Sun May 10 06:19:32 MSK 2026","Sun May 10 06:19:49 MSK 2026","17023","","Критические дымовые тесты - Документы - Открытие, проведение, запись","","","","Запись элемента документа ""Задание на перевозку"" (ЗаданиеНаПеревозку)",""
"passed","Sun May 10 05:44:25 MSK 2026","Sun May 10 05:45:14 MSK 2026","48454","","Казуальные дымовые тесты - Документы - Открытие, проведение, запись","","","","Запись элемента документа ""Приобретение товаров и услуг"" (ПриобретениеТоваровУслуг)",""
"failed","Sun May 10 06:16:04 MSK 2026","Sun May 10 06:16:26 MSK 2026","22072","","Критические дымовые тесты - Документы - Открытие, проведение, запись","","","","Запись элемента документа ""Заявки на услуги сервиса и доставку"" (ЗаявкиНаУслугиСервиса)",""
"passed","Sun May 10 06:11:28 MSK 2026","Sun May 10 06:11:38 MSK 2026","9665","","Критические дымовые тесты - Документы - Открытие, проведение, запись","","","","Запись элемента документа ""Реестр отгрузки"" (РеестрОтгрузки)",""
"passed","Sun May 10 06:29:14 MSK 2026","Sun May 10 06:29:23 MSK 2026","8830","","Казуальные дымовые тесты - Справочники - Запись","","","","Запись элемента справочника ""Договоры кредитов и депозитов"" (ДоговорыКредитовИДепозитов)",""
"passed","Sun May 10 06:29:23 MSK 2026","Sun May 10 06:29:30 MSK 2026","6731","","Казуальные дымовые тесты - Справочники - Запись","","","","Запись элемента справочника ""Пользовательские настройки отчетов"" (ПользовательскиеНастройкиОтчетов)",""
"passed","Sun May 10 07:39:35 MSK 2026","Sun May 10 07:41:11 MSK 2026","95880","","Казуальные дымовые тесты - Группы справочников - Запись","","","","Запись элемента группы справочника ""Дополнительные значения аналитик и субконто"" (бит_ДополнительныеЗначенияАналитик)",""
"passed","Sun May 10 06:57:47 MSK 2026","Sun May 10 06:57:55 MSK 2026","7737","","Критические дымовые тесты - Справочники - Запись","","","","Запись элемента справочника ""Штрихкоды упаковок и товаров"" (ШтрихкодыУпаковокТоваров)",""
"passed","Sun May 10 07:45:43 MSK 2026","Sun May 10 07:46:04 MSK 2026","20808","","Казуальные дымовые тесты - Группы справочников - Запись","","","","Запись элемента группы справочника ""Источники данных сводных таблиц"" (ИсточникиДанныхСводныхТаблиц)",""
"passed","Sun May 10 07:01:08 MSK 2026","Sun May 10 07:09:10 MSK 2026","481636","","Казуальные дымовые тесты - Группы справочников - Запись","","","","Запись элемента группы справочника ""Скидки (наценки)"" (СкидкиНаценки)",""
"passed","Sun May 10 06:55:17 MSK 2026","Sun May 10 06:55:24 MSK 2026","6773","","Казуальные дымовые тесты - Справочники - Запись","","","","Запись элемента справочника ""Иерархия дополнительных реквизитов"" (ИерархияДополнительныхРеквизитов)",""
"passed","Sun May 10 06:33:21 MSK 2026","Sun May 10 06:33:28 MSK 2026","6839","","Казуальные дымовые тесты - Справочники - Запись","","","","Запись элемента справочника ""Виды брака"" (ВидыБрака)",""
"passed","Sun May 10 06:34:36 MSK 2026","Sun May 10 06:34:45 MSK 2026","8696","","Казуальные дымовые тесты - Справочники - Запись","","","","Запись элемента справочника ""Шаблоны этикеток и ценников"" (ШаблоныЭтикетокИЦенников)",""
"passed","Sun May 10 06:33:06 MSK 2026","Sun May 10 06:33:14 MSK 2026","7642","","Казуальные дымовые тесты - Справочники - Запись","","","","Запись элемента справочника ""Страны мира"" (СтраныМира)",""
"passed","Sun May 10 04:32:26 MSK 2026","Sun May 10 04:32:38 MSK 2026","12324","","Заказ клиента на 10 позиций","","","","Закрыть окно о копии базы",""
"passed","Sun May 10 06:25:34 MSK 2026","Sun May 10 06:25:39 MSK 2026","5246","","Казуальные дымовые тесты - Справочники - Запись","","","","Запись элемента справочника ""Предопределенные варианты отчетов"" (ПредопределенныеВариантыОтчетов)",""
"passed","Sun May 10 06:53:58 MSK 2026","Sun May 10 06:54:07 MSK 2026","8849","","Казуальные дымовые тесты - Справочники - Запись","","","","Запись элемента справочника ""Направления деятельности"" (НаправленияДеятельности)",""
"passed","Sun May 10 05:50:36 MSK 2026","Sun May 10 05:50:44 MSK 2026","7939","","Казуальные дымовые тесты - Документы - Открытие, проведение, запись","","","","Запись элемента документа ""Заказ запчастей"" (ЗаказЗапчастей)",""
"passed","Sun May 10 05:44:09 MSK 2026","Sun May 10 05:44:18 MSK 2026","8545","","Казуальные дымовые тесты - Документы - Открытие, проведение, запись","","","","Активация лицензии БИТ",""
"passed","Sun May 10 07:45:34 MSK 2026","Sun May 10 07:45:43 MSK 2026","8561","","Казуальные дымовые тесты - Группы справочников - Запись","","","","Запись элемента группы справочника ""Пользователи терминалов сбора данных"" (ТСД_Пользователи)",""
"passed","Sun May 10 06:28:16 MSK 2026","Sun May 10 06:28:23 MSK 2026","6740","","Казуальные дымовые тесты - Справочники - Запись","","","","Запись элемента справочника ""Производители"" (Производители)",""
"passed","Sun May 10 06:12:55 MSK 2026","Sun May 10 06:13:26 MSK 2026","30665","","Критические дымовые тесты - Документы - Открытие, проведение, запись","","","","Запись элемента документа ""Возврат на FBO"" (ПеремещениеТоваровЗаказа)",""
"passed","Sun May 10 07:48:34 MSK 2026","Sun May 10 07:48:56 MSK 2026","22357","","Критические дымовые тесты - Группы справочников - Запись","","","","Закрыть окно о копии базы",""
"passed","Sun May 10 05:51:25 MSK 2026","Sun May 10 05:51:40 MSK 2026","14321","","Казуальные дымовые тесты - Документы - Открытие, проведение, запись","","","","Запись элемента документа ""Операция (управленческий)"" (бит_ОперацияУправленческий)",""
"passed","Sun May 10 04:43:53 MSK 2026","Sun May 10 04:43:53 MSK 2026","44","","Заявка на расход ДС","","","","выключение уведомлений",""
"passed","Sun May 10 06:28:52 MSK 2026","Sun May 10 06:28:59 MSK 2026","6798","","Казуальные дымовые тесты - Справочники - Запись","","","","Запись элемента справочника ""Оптовая классификация"" (ОптоваяКлассификация)",""
"passed","Sun May 10 06:13:26 MSK 2026","Sun May 10 06:13:31 MSK 2026","4957","","Критические дымовые тесты - Документы - Открытие, проведение, запись","","","","Запись элемента документа ""Коммерческое предложение клиенту"" (КоммерческоеПредложениеКлиенту)",""
"passed","Sun May 10 06:01:51 MSK 2026","Sun May 10 06:02:02 MSK 2026","10946","","Критические дымовые тесты - Документы - Открытие, проведение, запись","","","","Запись элемента документа ""Счет-фактура выданный"" (СчетФактураВыданный)",""
"passed","Sun May 10 06:20:11 MSK 2026","Sun May 10 06:20:24 MSK 2026","13021","","Критические дымовые тесты - Документы - Открытие, проведение, запись","","","","Запись элемента документа ""Ордер на отражение излишков товаров"" (ОрдерНаОтражениеИзлишковТоваров)",""
"passed","Sun May 10 06:49:45 MSK 2026","Sun May 10 06:49:52 MSK 2026","6658","","Казуальные дымовые тесты - Справочники - Запись","","","","Запись элемента справочника ""Типы коробок"" (ТипыКоробок)",""
"passed","Sun May 10 04:45:27 MSK 2026","Sun May 10 04:45:39 MSK 2026","12296","","Печатная форма - Расходная","","","","Закрыть окно о копии базы",""
"passed","Sun May 10 07:46:14 MSK 2026","Sun May 10 07:46:30 MSK 2026","15370","","Казуальные дымовые тесты - Группы справочников - Запись","","","","Запись элемента группы справочника ""Рассылки отчетов"" (РассылкиОтчетов)",""
"passed","Sun May 10 06:51:06 MSK 2026","Sun May 10 06:51:30 MSK 2026","23853","","Казуальные дымовые тесты - Справочники - Запись","","","","Запись элемента справочника ""Виды карт лояльности"" (ВидыКартЛояльности)",""
"passed","Sun May 10 06:56:50 MSK 2026","Sun May 10 06:56:58 MSK 2026","7766","","Критические дымовые тесты - Справочники - Запись","","","","Запись элемента справочника ""Ключи аналитики учета номенклатуры"" (КлючиАналитикиУчетаНоменклатуры)",""
"passed","Sun May 10 06:09:07 MSK 2026","Sun May 10 06:09:22 MSK 2026","14783","","Критические дымовые тесты - Документы - Открытие, проведение, запись","","","","Запись элемента документа ""Отчет банка по операциям эквайринга"" (ОтчетБанкаПоОперациямЭквайринга)",""
"passed","Sun May 10 06:21:35 MSK 2026","Sun May 10 06:21:40 MSK 2026","4899","","Критические дымовые тесты - Документы - Открытие, проведение, запись","","","","Запись элемента документа ""Кэш регистрации серий"" (КэшРегистрацииСерий)",""
"passed","Sun May 10 06:54:23 MSK 2026","Sun May 10 06:54:30 MSK 2026","6803","","Казуальные дымовые тесты - Справочники - Запись","","","","Запись элемента справочника ""Типоразмеры упаковок"" (ТипоразмерыУпаковок)",""
"passed","Sun May 10 07:43:46 MSK 2026","Sun May 10 07:43:53 MSK 2026","6840","","Казуальные дымовые тесты - Группы справочников - Запись","","","","Запись элемента группы справочника ""Статьи движения денежных средств"" (СтатьиДвиженияДенежныхСредств)",""
"passed","Sun May 10 06:26:45 MSK 2026","Sun May 10 06:26:57 MSK 2026","11743","","Казуальные дымовые тесты - Справочники - Запись","","","","Запись элемента справочника ""Профили групп доступа"" (ПрофилиГруппДоступа)",""
"passed","Sun May 10 05:58:31 MSK 2026","Sun May 10 05:59:07 MSK 2026","36130","","Казуальные дымовые тесты - Документы - Открытие, проведение, запись","","","","Запись элемента документа ""Отчет комитенту о продажах"" (ОтчетКомитенту)",""
"passed","Sun May 10 06:18:49 MSK 2026","Sun May 10 06:19:10 MSK 2026","20858","","Критические дымовые тесты - Документы - Открытие, проведение, запись","","","","Запись элемента документа ""Пересортица товаров"" (ПересортицаТоваров)",""
"passed","Sun May 10 04:44:10 MSK 2026","Sun May 10 04:44:22 MSK 2026","12836","","Заявка на расход ДС","","","","Закрыть окно о копии базы",""
"passed","Sun May 10 05:52:30 MSK 2026","Sun May 10 05:53:07 MSK 2026","36732","","Казуальные дымовые тесты - Документы - Открытие, проведение, запись","","","","Запись элемента документа ""Пересчет товаров"" (ПересчетТоваров)",""
"passed","Sun May 10 06:51:57 MSK 2026","Sun May 10 06:52:04 MSK 2026","6710","","Казуальные дымовые тесты - Справочники - Запись","","","","Запись элемента справочника ""Фазы"" (Фазы)",""
"passed","Sun May 10 06:34:08 MSK 2026","Sun May 10 06:34:15 MSK 2026","6751","","Казуальные дымовые тесты - Справочники - Запись","","","","Запись элемента справочника ""Варианты отчетов (БИТ)"" (бит_ВариантыОтчетов)",""
"passed","Sun May 10 05:48:38 MSK 2026","Sun May 10 05:48:46 MSK 2026","7958","","Казуальные дымовые тесты - Документы - Открытие, проведение, запись","","","","Запись элемента документа ""Рекламация"" (Рекламация)",""
"passed","Sun May 10 06:25:09 MSK 2026","Sun May 10 06:25:19 MSK 2026","9809","","Казуальные дымовые тесты - Справочники - Запись","","","","Запись элемента справочника ""Потенциальные клиенты"" (CRM_ПотенциальныеКлиенты)",""
"failed","Sun May 10 06:13:31 MSK 2026","Sun May 10 06:13:48 MSK 2026","17127","","Критические дымовые тесты - Документы - Открытие, проведение, запись","","","","Запись элемента документа ""Ордер на перемещение товаров"" (ОрдерНаПеремещениеТоваров)",""
"passed","Sun May 10 04:37:57 MSK 2026","Sun May 10 04:42:27 MSK 2026","270580","","Создание Заказа клиента и сборки","","","","Создание Заказа клиента и сборки",""
"passed","Sun May 10 05:50:31 MSK 2026","Sun May 10 05:50:35 MSK 2026","4846","","Казуальные дымовые тесты - Документы - Открытие, проведение, запись","","","","Запись элемента документа ""Приход по коробкам"" (ПриходПоКоробкам)",""
"passed","Sun May 10 07:41:11 MSK 2026","Sun May 10 07:41:16 MSK 2026","5031","","Казуальные дымовые тесты - Группы справочников - Запись","","","","Запись элемента группы справочника ""Потенциальные клиенты"" (CRM_ПотенциальныеКлиенты)",""
"passed","Sun May 10 06:29:55 MSK 2026","Sun May 10 06:30:02 MSK 2026","6867","","Казуальные дымовые тесты - Справочники - Запись","","","","Запись элемента группы справочника ""Статьи движения денежных средств"" (СтатьиДвиженияДенежныхСредств)",""
"passed","Sun May 10 06:29:45 MSK 2026","Sun May 10 06:29:55 MSK 2026","9746","","Казуальные дымовые тесты - Справочники - Запись","","","","Запись элемента справочника ""Банковские счета организаций"" (БанковскиеСчетаОрганизаций)",""
"passed","Sun May 10 06:51:43 MSK 2026","Sun May 10 06:51:50 MSK 2026","6648","","Казуальные дымовые тесты - Справочники - Запись","","","","Запись элемента справочника ""Каналы продаж"" (КаналыПродаж)",""
"passed","Sun May 10 07:46:52 MSK 2026","Sun May 10 07:47:08 MSK 2026","15767","","Казуальные дымовые тесты - Группы справочников - Запись","","","","Запись элемента группы справочника ""Направления деятельности"" (НаправленияДеятельности)",""
"passed","Sun May 10 06:21:41 MSK 2026","Sun May 10 06:22:04 MSK 2026","23123","","Казуальные дымовые тесты - Справочники - Запись","","","","Закрыть окно о копии базы",""
"passed","Sun May 10 06:33:52 MSK 2026","Sun May 10 06:34:08 MSK 2026","15793","","Казуальные дымовые тесты - Справочники - Запись","","","","Запись элемента справочника ""Структура предприятия"" (СтруктураПредприятия)",""
"passed","Sun May 10 06:50:40 MSK 2026","Sun May 10 06:50:50 MSK 2026","9860","","Казуальные дымовые тесты - Справочники - Запись","","","","Запись элемента справочника ""Сегменты клиентов"" (СегментыПартнеров)",""
"passed","Sun May 10 06:32:48 MSK 2026","Sun May 10 06:32:56 MSK 2026","7733","","Казуальные дымовые тесты - Справочники - Запись","","","","Запись элемента справочника ""Роли контактных лиц "" (РолиКонтактныхЛицПартнеров)",""
"passed","Sun May 10 05:56:31 MSK 2026","Sun May 10 05:56:37 MSK 2026","5618","","Казуальные дымовые тесты - Документы - Открытие, проведение, запись","","","","Запись элемента документа ""Реализация подарочных сертификатов"" (РеализацияПодарочныхСертификатов)",""
"passed","Sun May 10 06:55:24 MSK 2026","Sun May 10 06:55:32 MSK 2026","7857","","Казуальные дымовые тесты - Справочники - Запись","","","","Запись элемента справочника ""Производственные календари"" (ПроизводственныеКалендари)",""
"passed","Sun May 10 04:29:08 MSK 2026","Sun May 10 04:29:38 MSK 2026","30440","","Возврат товаров между организациями","","","","Закрыть окно о копии базы",""
"passed","Sun May 10 05:45:21 MSK 2026","Sun May 10 05:45:32 MSK 2026","10983","","Казуальные дымовые тесты - Документы - Открытие, проведение, запись","","","","Запись элемента документа ""Счет-фактура полученный"" (СчетФактураПолученный)",""
"passed","Sun May 10 05:52:08 MSK 2026","Sun May 10 05:52:13 MSK 2026","5570","","Казуальные дымовые тесты - Документы - Открытие, проведение, запись","","","","Запись элемента документа ""Инвентаризация"" (ТСД_Инвентаризация)",""
"passed","Sun May 10 06:22:14 MSK 2026","Sun May 10 06:22:23 MSK 2026","8728","","Казуальные дымовые тесты - Справочники - Запись","","","","Запись элемента справочника ""Упаковки и единицы измерения"" (УпаковкиЕдиницыИзмерения)",""
"passed","Sun May 10 04:29:39 MSK 2026","Sun May 10 04:30:28 MSK 2026","49523","","Возврат товаров между организациями","","","","Создание Возврата товаров между организациями",""
"passed","Sun May 10 06:13:58 MSK 2026","Sun May 10 06:14:26 MSK 2026","27523","","Критические дымовые тесты - Документы - Открытие, проведение, запись","","","","Запись элемента документа ""Таможенная декларация на импорт"" (ТаможеннаяДекларацияИмпорт)",""
"passed","Sun May 10 06:20:50 MSK 2026","Sun May 10 06:21:14 MSK 2026","23796","","Критические дымовые тесты - Документы - Открытие, проведение, запись","","","","Запись элемента документа ""Согласование скидок"" (СогласованиеСкидок)",""
"passed","Sun May 10 06:14:35 MSK 2026","Sun May 10 06:14:58 MSK 2026","23567","","Критические дымовые тесты - Документы - Открытие, проведение, запись","","","","Запись элемента документа ""Поступление товаров на склад"" (ПоступлениеТоваровНаСклад)",""
"passed","Sun May 10 06:59:21 MSK 2026","Sun May 10 06:59:28 MSK 2026","6830","","Критические дымовые тесты - Справочники - Запись","","","","Запись элемента справочника ""Номера ГТД"" (НомераГТД)",""
"passed","Sun May 10 05:49:45 MSK 2026","Sun May 10 05:50:02 MSK 2026","16672","","Казуальные дымовые тесты - Документы - Открытие, проведение, запись","","","","Запись элемента документа ""Списание недостач товаров"" (СписаниеНедостачТоваров)",""
"failed","Sun May 10 05:43:12 MSK 2026","Sun May 10 05:43:33 MSK 2026","21279","","Проверка формирования УПД","","","","Формирование УПД",""
"failed","Sun May 10 06:06:12 MSK 2026","Sun May 10 06:06:28 MSK 2026","16345","","Критические дымовые тесты - Документы - Открытие, проведение, запись","","","","Запись элемента документа ""Заявка на расходование денежных средств (БИТ)"" (бит_кзн_ЗаявкаНаРасходованиеСредств)",""
"passed","Sun May 10 06:55:10 MSK 2026","Sun May 10 06:55:17 MSK 2026","6881","","Казуальные дымовые тесты - Справочники - Запись","","","","Запись элемента справочника ""Транспортные средства"" (ТранспортныеСредства)",""
"passed","Sun May 10 06:07:41 MSK 2026","Sun May 10 06:08:38 MSK 2026","56696","","Критические дымовые тесты - Документы - Открытие, проведение, запись","","","","Запись элемента документа ""Возврат товаров от клиента"" (ВозвратТоваровОтКлиента)",""
"passed","Sun May 10 05:45:32 MSK 2026","Sun May 10 05:45:37 MSK 2026","4860","","Казуальные дымовые тесты - Документы - Открытие, проведение, запись","","","","Запись элемента документа ""Чек ККМ"" (ЧекККМ)",""
"passed","Sun May 10 05:59:29 MSK 2026","Sun May 10 05:59:30 MSK 2026","1211","","Казуальные дымовые тесты - Документы - Открытие, проведение, запись","","","","Закрываем клиент тестирования",""
"passed","Sun May 10 06:49:09 MSK 2026","Sun May 10 06:49:17 MSK 2026","7672","","Казуальные дымовые тесты - Справочники - Запись","","","","Запись элемента справочника ""Сертификаты ключей электронной подписи и шифрования"" (СертификатыКлючейЭлектроннойПодписиИШифрования)",""
"failed","Sun May 10 06:14:59 MSK 2026","Sun May 10 06:15:14 MSK 2026","15523","","Критические дымовые тесты - Документы - Открытие, проведение, запись","","","","Запись элемента документа ""Корректировка задолженности"" (КорректировкаЗадолженности)",""
"passed","Sun May 10 07:45:29 MSK 2026","Sun May 10 07:45:34 MSK 2026","5113","","Казуальные дымовые тесты - Группы справочников - Запись","","","","Запись элемента группы справочника ""Условия предоставления скидок (наценок)"" (УсловияПредоставленияСкидокНаценок)",""
"passed","Sun May 10 06:25:26 MSK 2026","Sun May 10 06:25:34 MSK 2026","7795","","Казуальные дымовые тесты - Справочники - Запись","","","","Запись элемента справочника ""Сообщения (Контур.EDI)"" (КонтурEDI_Сообщения)",""
"passed","Sun May 10 06:12:15 MSK 2026","Sun May 10 06:12:45 MSK 2026","30818","","Критические дымовые тесты - Документы - Открытие, проведение, запись","","","","Запись элемента документа ""Заказ поставщику"" (ЗаказПоставщику)",""
"failed","Sun May 10 06:19:10 MSK 2026","Sun May 10 06:19:25 MSK 2026","14936","","Критические дымовые тесты - Документы - Открытие, проведение, запись","","","","Запись элемента документа ""Ордер на отражение пересортицы товаров"" (ОрдерНаОтражениеПересортицыТоваров)",""
"passed","Sun May 10 05:51:53 MSK 2026","Sun May 10 05:52:08 MSK 2026","14763","","Казуальные дымовые тесты - Документы - Открытие, проведение, запись","","","","Запись элемента документа ""Форма ввода бюджета"" (бит_ФормаВводаБюджета)",""
"passed","Sun May 10 05:48:27 MSK 2026","Sun May 10 05:48:38 MSK 2026","10650","","Казуальные дымовые тесты - Документы - Открытие, проведение, запись","","","","Запись элемента документа ""Вывод из оборота ИС МП"" (ВыводИзОборотаИСМП)",""
"passed","Sun May 10 04:30:28 MSK 2026","Sun May 10 04:30:41 MSK 2026","12713","","Возврат товаров между организациями","","","","Закрываем клиент тестирования",""
"passed","Sun May 10 07:41:16 MSK 2026","Sun May 10 07:41:25 MSK 2026","8546","","Казуальные дымовые тесты - Группы справочников - Запись","","","","Запись элемента группы справочника ""Сегменты номенклатуры"" (СегментыНоменклатуры)",""
"passed","Sun May 10 04:31:49 MSK 2026","Sun May 10 04:31:50 MSK 2026","832","","Заказ клиента на 10 позиций","","","","Выключение уведомлений",""
"passed","Sun May 10 06:25:52 MSK 2026","Sun May 10 06:26:00 MSK 2026","7513","","Казуальные дымовые тесты - Справочники - Запись","","","","Запись элемента справочника ""Бизнес-регионы"" (БизнесРегионы)",""
"passed","Sun May 10 07:46:09 MSK 2026","Sun May 10 07:46:14 MSK 2026","5051","","Казуальные дымовые тесты - Группы справочников - Запись","","","","Запись элемента группы справочника ""Эквайринговые терминалы"" (ЭквайринговыеТерминалы)",""
"passed","Sun May 10 06:54:49 MSK 2026","Sun May 10 06:54:57 MSK 2026","7602","","Казуальные дымовые тесты - Справочники - Запись","","","","Запись элемента справочника ""Политики учета серий"" (ПолитикиУчетаСерий)",""
"passed","Sun May 10 06:05:37 MSK 2026","Sun May 10 06:06:12 MSK 2026","34412","","Критические дымовые тесты - Документы - Открытие, проведение, запись","","","","Запись элемента документа ""Перемещение товаров"" (ПеремещениеТоваров)",""
"passed","Sun May 10 06:31:56 MSK 2026","Sun May 10 06:32:04 MSK 2026","7721","","Казуальные дымовые тесты - Справочники - Запись","","","","Запись элемента справочника ""Маркетинговые мероприятия"" (МаркетинговыеМероприятия)",""
"passed","Sun May 10 07:00:50 MSK 2026","Sun May 10 07:00:58 MSK 2026","7882","","Казуальные дымовые тесты - Группы справочников - Запись","","","","Запись элемента группы справочника ""Дополнительные значения"" (ЗначенияСвойствОбъектов)",""
"passed","Sun May 10 06:12:46 MSK 2026","Sun May 10 06:12:55 MSK 2026","8867","","Критические дымовые тесты - Документы - Открытие, проведение, запись","","","","Запись элемента документа ""Прием товаров"" (ТСД_ПриемТоваров)",""
"passed","Sun May 10 06:16:56 MSK 2026","Sun May 10 06:17:24 MSK 2026","27804","","Критические дымовые тесты - Документы - Открытие, проведение, запись","","","","Запись элемента документа ""Маркетинговая акция"" (МаркетинговаяАкция)",""
"passed","Sun May 10 06:50:25 MSK 2026","Sun May 10 06:50:40 MSK 2026","14685","","Казуальные дымовые тесты - Справочники - Запись","","","","Запись элемента справочника ""Группы пользователей"" (ГруппыПользователей)",""
"passed","Sun May 10 05:51:10 MSK 2026","Sun May 10 05:51:20 MSK 2026","9559","","Казуальные дымовые тесты - Документы - Открытие, проведение, запись","","","","Запись элемента документа ""Распределение доходов по направлениям деятельности"" (РаспределениеДоходовПоНаправлениямДеятельности)",""
"passed","Sun May 10 05:59:52 MSK 2026","Sun May 10 06:01:02 MSK 2026","70783","","Критические дымовые тесты - Документы - Открытие, проведение, запись","","","","Запись элемента документа ""Заказ клиента"" (ЗаказКлиента)",""
"passed","Sun May 10 06:21:14 MSK 2026","Sun May 10 06:21:35 MSK 2026","20826","","Критические дымовые тесты - Документы - Открытие, проведение, запись","","","","Запись элемента документа ""Заказ на сборку (разборку)"" (ЗаказНаСборку)",""
"passed","Sun May 10 06:02:02 MSK 2026","Sun May 10 06:02:27 MSK 2026","24911","","Критические дымовые тесты - Документы - Открытие, проведение, запись","","","","Запись элемента документа ""Отражение факта ДДС"" (бит_ОтражениеФактаДДС)",""
"passed","Sun May 10 05:59:07 MSK 2026","Sun May 10 05:59:12 MSK 2026","5180","","Казуальные дымовые тесты - Документы - Открытие, проведение, запись","","","","Запись элемента документа ""Отключение контроля себестоимости по номенклатуре"" (ОтключениеКонтроляМинимальнойСебестоимости)",""
"passed","Sun May 10 06:04:36 MSK 2026","Sun May 10 06:05:07 MSK 2026","31182","","Критические дымовые тесты - Документы - Открытие, проведение, запись","","","","Запись элемента документа ""Приходный ордер на товары"" (ПриходныйОрдерНаТовары)",""
"passed","Sun May 10 04:45:40 MSK 2026","Sun May 10 04:45:52 MSK 2026","11990","","Печатная форма - Расходная","","","","Начало работы клеинта",""
"passed","Sun May 10 06:28:23 MSK 2026","Sun May 10 06:28:30 MSK 2026","6806","","Казуальные дымовые тесты - Справочники - Запись","","","","Запись элемента справочника ""Детали тренажеров"" (ДеталиТренажеров)",""
"passed","Sun May 10 06:30:10 MSK 2026","Sun May 10 06:31:56 MSK 2026","105750","","Казуальные дымовые тесты - Справочники - Запись","","","","Запись элемента справочника ""Склады"" (Склады)",""
"passed","Sun May 10 06:22:41 MSK 2026","Sun May 10 06:22:49 MSK 2026","7686","","Казуальные дымовые тесты - Справочники - Запись","","","","Запись элемента справочника ""Банковские счета"" (БанковскиеСчетаКонтрагентов)",""
"passed","Sun May 10 06:20:24 MSK 2026","Sun May 10 06:20:50 MSK 2026","25804","","Критические дымовые тесты - Документы - Открытие, проведение, запись","","","","Запись элемента документа ""Сборка товаров"" (СборкаТоваров)",""
"passed","Sun May 10 06:26:38 MSK 2026","Sun May 10 06:26:45 MSK 2026","6851","","Казуальные дымовые тесты - Справочники - Запись","","","","Запись элемента справочника ""ТН ВЭД"" (КлассификаторТНВЭД)",""
"passed","Sun May 10 04:30:41 MSK 2026","Sun May 10 04:31:03 MSK 2026","21844","","Возврат товаров поставщику","","","","Закрыть окно о копии базы",""
"passed","Sun May 10 06:23:45 MSK 2026","Sun May 10 06:23:52 MSK 2026","6911","","Казуальные дымовые тесты - Справочники - Запись","","","","Запись элемента справочника ""Дополнительные значения"" (ЗначенияСвойствОбъектов)",""
"passed","Sun May 10 07:09:19 MSK 2026","Sun May 10 07:39:35 MSK 2026","1815804","","Казуальные дымовые тесты - Группы справочников - Запись","","","","Запись элемента группы справочника ""Виды номенклатуры"" (ВидыНоменклатуры)",""
"failed","Sun May 10 06:58:43 MSK 2026","Sun May 10 06:59:14 MSK 2026","31207","","Критические дымовые тесты - Справочники - Запись","","","","Запись элемента справочника ""Характеристики номенклатуры"" (ХарактеристикиНоменклатуры)",""
"passed","Sun May 10 04:45:52 MSK 2026","Sun May 10 04:55:57 MSK 2026","604885","","Печатная форма - Расходная","","","","ФИТПЛЕЙС",""
"passed","Sun May 10 05:53:28 MSK 2026","Sun May 10 05:53:42 MSK 2026","14768","","Казуальные дымовые тесты - Документы - Открытие, проведение, запись","","","","Запись элемента документа ""Корректировка регистров"" (КорректировкаРегистров)",""
"failed","Sun May 10 06:18:21 MSK 2026","Sun May 10 06:18:37 MSK 2026","15939","","Критические дымовые тесты - Документы - Открытие, проведение, запись","","","","Запись элемента документа ""Акт выполненных работ для клиента"" (АктВыполненныхРабот)",""
"passed","Sun May 10 06:16:51 MSK 2026","Sun May 10 06:16:56 MSK 2026","4865","","Критические дымовые тесты - Документы - Открытие, проведение, запись","","","","Запись элемента документа ""Размещение коробок"" (РазмещениеКоробок)",""
"passed","Sun May 10 05:46:29 MSK 2026","Sun May 10 05:46:34 MSK 2026","4982","","Казуальные дымовые тесты - Документы - Открытие, проведение, запись","","","","Запись элемента документа ""Расход по коробкам"" (РасходПоКоробкам)",""
"passed","Sun May 10 06:54:07 MSK 2026","Sun May 10 06:54:15 MSK 2026","7659","","Казуальные дымовые тесты - Справочники - Запись","","","","Запись элемента справочника ""Наборы упаковок"" (НаборыУпаковок)",""
"passed","Sun May 10 06:50:58 MSK 2026","Sun May 10 06:51:06 MSK 2026","7801","","Казуальные дымовые тесты - Справочники - Запись","","","","Запись элемента справочника ""ЦФО"" (Подразделения)",""
"passed","Sun May 10 06:52:11 MSK 2026","Sun May 10 06:53:32 MSK 2026","80629","","Казуальные дымовые тесты - Справочники - Запись","","","","Запись элемента справочника ""Организации"" (Организации)",""
"passed","Sun May 10 05:49:07 MSK 2026","Sun May 10 05:49:15 MSK 2026","8416","","Казуальные дымовые тесты - Документы - Открытие, проведение, запись","","","","Запись элемента документа ""Взаимодействие"" (CRM_Взаимодействие)",""
"passed","Sun May 10 04:37:44 MSK 2026","Sun May 10 04:37:56 MSK 2026","12143","","Создание Заказа клиента и сборки","","","","Закрыть окно о копии базы",""
"passed","Sun May 10 06:56:06 MSK 2026","Sun May 10 06:56:07 MSK 2026","1212","","Казуальные дымовые тесты - Справочники - Запись","","","","Закрываем клиент тестирования",""
"passed","Sun May 10 06:16:33 MSK 2026","Sun May 10 06:16:51 MSK 2026","17923","","Критические дымовые тесты - Документы - Открытие, проведение, запись","","","","Запись элемента документа ""Прием возвратов с ТСД"" (ТСД_ВозвратТоваров)",""
"failed","Sun May 10 05:57:50 MSK 2026","Sun May 10 05:58:07 MSK 2026","16996","","Казуальные дымовые тесты - Документы - Открытие, проведение, запись","","","","Запись элемента документа ""Исправление развернутого сальдо товаров организаций"" (ИсправлениеРазвернутогоСальдоТоваровОрганизаций)",""
"passed","Sun May 10 06:03:09 MSK 2026","Sun May 10 06:03:20 MSK 2026","10747","","Критические дымовые тесты - Документы - Открытие, проведение, запись","","","","Запись элемента документа ""Отгрузка товаров"" (ТСД_ОтгрузкаТоваров)",""
"passed","Sun May 10 06:02:27 MSK 2026","Sun May 10 06:02:36 MSK 2026","8530","","Критические дымовые тесты - Документы - Открытие, проведение, запись","","","","Запись элемента документа ""Заказ клиента (сервиса)"" (CG_Online_ЗаказКлиентаСервиса)",""
"passed","Sun May 10 05:58:16 MSK 2026","Sun May 10 05:58:26 MSK 2026","9630","","Казуальные дымовые тесты - Документы - Открытие, проведение, запись","","","","Запись элемента документа ""Начисления и выплаты сборщикам товаров"" (НачисленияИВыплатыСборщикамТоваров)",""
"passed","Sun May 10 05:56:42 MSK 2026","Sun May 10 05:56:52 MSK 2026","9254","","Казуальные дымовые тесты - Документы - Открытие, проведение, запись","","","","Запись элемента документа ""Инвентаризационная опись"" (ИнвентаризационнаяОпись)",""
"passed","Sun May 10 05:47:33 MSK 2026","Sun May 10 05:48:16 MSK 2026","42966","","Казуальные дымовые тесты - Документы - Открытие, проведение, запись","","","","Запись элемента документа ""Установка цен номенклатуры"" (УстановкаЦенНоменклатуры)",""
"passed","Sun May 10 05:51:40 MSK 2026","Sun May 10 05:51:53 MSK 2026","12704","","Казуальные дымовые тесты - Документы - Открытие, проведение, запись","","","","Запись элемента документа ""Расчет DDP"" (РасчетDDP)",""
"passed","Sun May 10 06:32:04 MSK 2026","Sun May 10 06:32:31 MSK 2026","27189","","Казуальные дымовые тесты - Справочники - Запись","","","","Запись элемента справочника ""Настройки почты"" (УчетныеЗаписиЭлектроннойПочты)",""
"passed","Sun May 10 05:44:18 MSK 2026","Sun May 10 05:44:25 MSK 2026","6617","","Казуальные дымовые тесты - Документы - Открытие, проведение, запись","","","","Запись элемента документа ""Распределение расходов"" (РаспределениеПрочихЗатрат)",""
"passed","Sun May 10 06:26:10 MSK 2026","Sun May 10 06:26:18 MSK 2026","7874","","Казуальные дымовые тесты - Справочники - Запись","","","","Запись элемента справочника ""Сегменты номенклатуры"" (СегментыНоменклатуры)",""
"failed","Sun May 10 06:05:07 MSK 2026","Sun May 10 06:05:27 MSK 2026","19637","","Критические дымовые тесты - Документы - Открытие, проведение, запись","","","","Запись элемента документа ""Платежная позиция"" (бит_кзн_ПлатежнаяПозиция)",""
"passed","Sun May 10 05:46:34 MSK 2026","Sun May 10 05:47:04 MSK 2026","30266","","Казуальные дымовые тесты - Документы - Открытие, проведение, запись","","","","Запись элемента документа ""Внутреннее потребление товаров"" (ВнутреннееПотреблениеТоваров)",""
"passed","Sun May 10 06:15:21 MSK 2026","Sun May 10 06:15:41 MSK 2026","19699","","Критические дымовые тесты - Документы - Открытие, проведение, запись","","","","Запись элемента документа ""Порча товаров"" (ПорчаТоваров)",""
"passed","Sun May 10 05:59:30 MSK 2026","Sun May 10 05:59:51 MSK 2026","21337","","Критические дымовые тесты - Документы - Открытие, проведение, запись","","","","Закрыть окно о копии базы",""
"passed","Sun May 10 05:55:10 MSK 2026","Sun May 10 05:55:54 MSK 2026","43642","","Казуальные дымовые тесты - Документы - Открытие, проведение, запись","","","","Запись элемента документа ""Возврат товаров между организациями"" (ВозвратТоваровМеждуОрганизациями)",""
"passed","Sun May 10 06:34:55 MSK 2026","Sun May 10 06:35:02 MSK 2026","6778","","Казуальные дымовые тесты - Справочники - Запись","","","","Запись элемента справочника ""Источники данных сводных таблиц"" (ИсточникиДанныхСводныхТаблиц)",""
"passed","Sun May 10 07:00:15 MSK 2026","Sun May 10 07:00:16 MSK 2026","1212","","Критические дымовые тесты - Справочники - Запись","","","","Закрываем клиент тестирования",""
"failed","Sun May 10 04:43:39 MSK 2026","Sun May 10 04:43:46 MSK 2026","6826","","Создание Заказа клиента и сборки","","","","Закрываем клиент тестирования",""
"passed","Sun May 10 06:10:41 MSK 2026","Sun May 10 06:10:58 MSK 2026","16584","","Критические дымовые тесты - Документы - Открытие, проведение, запись","","","","Запись элемента документа ""Отчет о розничных продажах"" (ОтчетОРозничныхПродажах)",""
"passed","Sun May 10 06:24:38 MSK 2026","Sun May 10 06:25:02 MSK 2026","23848","","Казуальные дымовые тесты - Справочники - Запись","","","","Запись элемента справочника ""Виды номенклатуры"" (ВидыНоменклатуры)",""
"passed","Sun May 10 06:55:40 MSK 2026","Sun May 10 06:55:48 MSK 2026","7868","","Казуальные дымовые тесты - Справочники - Запись","","","","Запись элемента справочника ""Валюты"" (Валюты)",""
"passed","Sun May 10 07:41:25 MSK 2026","Sun May 10 07:42:54 MSK 2026","88860","","Казуальные дымовые тесты - Группы справочников - Запись","","","","Запись элемента группы справочника ""Профили групп доступа"" (ПрофилиГруппДоступа)",""
"passed","Sun May 10 04:37:11 MSK 2026","Sun May 10 04:37:11 MSK 2026","39","","Создание Заказа клиента и сборки","","","","выключение уведомлений",""
"passed","Sun May 10 06:49:38 MSK 2026","Sun May 10 06:49:45 MSK 2026","6644","","Казуальные дымовые тесты - Справочники - Запись","","","","Запись элемента справочника ""Роли исполнителей"" (РолиИсполнителей)",""
"passed","Sun May 10 06:33:36 MSK 2026","Sun May 10 06:33:44 MSK 2026","7855","","Казуальные дымовые тесты - Справочники - Запись","","","","Запись элемента справочника ""Настройки событий рассылок"" (НастройкиСобытийРассылок)",""
"passed","Sun May 10 06:24:23 MSK 2026","Sun May 10 06:24:30 MSK 2026","6296","","Казуальные дымовые тесты - Справочники - Запись","","","","Запись элемента справочника ""Розничная классификация"" (РозничнаяКлассификация)",""
"passed","Sun May 10 05:56:20 MSK 2026","Sun May 10 05:56:31 MSK 2026","11163","","Казуальные дымовые тесты - Документы - Открытие, проведение, запись","","","","Запись элемента документа ""Регистрация цен номенклатуры поставщика"" (РегистрацияЦенНоменклатурыПоставщика)",""
"passed","Sun May 10 06:28:59 MSK 2026","Sun May 10 06:29:06 MSK 2026","6840","","Казуальные дымовые тесты - Справочники - Запись","","","","Запись элемента справочника ""Контейнеры заказов поставщику"" (КонтейнерыЗаказовПоставщику)",""
"passed","Sun May 10 05:42:59 MSK 2026","Sun May 10 05:43:11 MSK 2026","12836","","Проверка формирования УПД","","","","Закрыть окно о копии базы",""
"passed","Sun May 10 06:34:28 MSK 2026","Sun May 10 06:34:36 MSK 2026","7831","","Казуальные дымовые тесты - Справочники - Запись","","","","Запись элемента справочника ""Правила уценки товаров"" (ПравилаУценкиТоваров)",""
"passed","Sun May 10 05:54:12 MSK 2026","Sun May 10 05:54:16 MSK 2026","4846","","Казуальные дымовые тесты - Документы - Открытие, проведение, запись","","","","Запись элемента документа ""Акт о расхождениях после приемки"" (АктОРасхожденияхПослеПриемки)",""
"passed","Sun May 10 07:44:32 MSK 2026","Sun May 10 07:45:29 MSK 2026","56763","","Казуальные дымовые тесты - Группы справочников - Запись","","","","Запись элемента группы справочника ""Виды цен (Колонки прайс-листа)"" (ВидыЦен)",""
"passed","Sun May 10 06:56:43 MSK 2026","Sun May 10 06:56:50 MSK 2026","6634","","Критические дымовые тесты - Справочники - Запись","","","","Запись элемента справочника ""Города служб доставки (api-ship)"" (шип_ГородаСлужбДоставки)",""
"passed","Sun May 10 05:59:21 MSK 2026","Sun May 10 05:59:29 MSK 2026","7816","","Казуальные дымовые тесты - Документы - Открытие, проведение, запись","","","","Запись элемента документа ""Эмиссия промокодов"" (ЭмиссияПромокодов)",""
"passed","Sun May 10 06:59:59 MSK 2026","Sun May 10 07:00:15 MSK 2026","15823","","Критические дымовые тесты - Справочники - Запись","","","","Запись элемента справочника ""Виды запасов"" (ВидыЗапасов)",""
"passed","Sun May 10 06:10:05 MSK 2026","Sun May 10 06:10:41 MSK 2026","35473","","Критические дымовые тесты - Документы - Открытие, проведение, запись","","","","Запись элемента документа ""Кассовая смена"" (КассоваяСмена)",""
"passed","Sun May 10 07:43:53 MSK 2026","Sun May 10 07:44:16 MSK 2026","22738","","Казуальные дымовые тесты - Группы справочников - Запись","","","","Запись элемента группы справочника ""Склады"" (Склады)",""
"passed","Sun May 10 05:56:52 MSK 2026","Sun May 10 05:57:32 MSK 2026","40308","","Казуальные дымовые тесты - Документы - Открытие, проведение, запись","","","","Запись элемента документа ""Возврат товаров поставщику"" (ВозвратТоваровПоставщику)",""
"passed","Sun May 10 07:48:57 MSK 2026","Sun May 10 07:49:45 MSK 2026","47919","","Критические дымовые тесты - Группы справочников - Запись","","","","Запись элемента группы справочника ""Номенклатура"" (Номенклатура)",""
"passed","Sun May 10 04:31:50 MSK 2026","Sun May 10 04:32:26 MSK 2026","36186","","Заказ клиента на 10 позиций","","","","Сброс пароля пользователя",""
"passed","Sun May 10 06:08:38 MSK 2026","Sun May 10 06:09:07 MSK 2026","28893","","Критические дымовые тесты - Документы - Открытие, проведение, запись","","","","Запись элемента документа ""Расходный кассовый ордер"" (РасходныйКассовыйОрдер)",""
"passed","Sun May 10 07:43:30 MSK 2026","Sun May 10 07:43:35 MSK 2026","5154","","Казуальные дымовые тесты - Группы справочников - Запись","","","","Запись элемента группы справочника ""Детали тренажеров"" (ДеталиТренажеров)",""
"passed","Sun May 10 06:25:19 MSK 2026","Sun May 10 06:25:26 MSK 2026","6867","","Казуальные дымовые тесты - Справочники - Запись","","","","Запись элемента справочника ""Основная бизнес-классификация"" (ИерархияБизнеса)",""
"passed","Sun May 10 07:43:19 MSK 2026","Sun May 10 07:43:24 MSK 2026","5179","","Казуальные дымовые тесты - Группы справочников - Запись","","","","Запись элемента группы справочника ""Марки (бренды)"" (Марки)",""
"failed","Sun May 10 04:42:37 MSK 2026","Sun May 10 04:43:15 MSK 2026","37989","","Создание Заказа клиента и сборки","","","","Вход пользователя ТСД",""
"failed","Sun May 10 06:27:14 MSK 2026","Sun May 10 06:27:28 MSK 2026","14005","","Казуальные дымовые тесты - Справочники - Запись","","","","Запись элемента справочника ""Наборы групп доступа"" (НаборыГруппДоступа)",""
"passed","Sun May 10 06:34:20 MSK 2026","Sun May 10 06:34:28 MSK 2026","7292","","Казуальные дымовые тесты - Справочники - Запись","","","","Запись элемента справочника ""Пользователи терминалов сбора данных"" (ТСД_Пользователи)",""
"passed","Sun May 10 05:33:01 MSK 2026","Sun May 10 05:42:18 MSK 2026","556743","","Печатная форма - Расходная","","","","ВЕГА",""
"passed","Sun May 10 06:22:23 MSK 2026","Sun May 10 06:22:34 MSK 2026","10782","","Казуальные дымовые тесты - Справочники - Запись","","","","Запись элемента справочника ""Договоры с контрагентами"" (ДоговорыКонтрагентов)",""
"passed","Sun May 10 06:22:05 MSK 2026","Sun May 10 06:22:14 MSK 2026","8876","","Казуальные дымовые тесты - Справочники - Запись","","","","Запись элемента справочника ""Ключи аналитики учета по партнерам"" (КлючиАналитикиУчетаПоПартнерам)",""
"passed","Sun May 10 05:14:43 MSK 2026","Sun May 10 05:23:42 MSK 2026","538674","","Печатная форма - Расходная","","","","ТАРУСА",""
"passed","Sun May 10 05:54:44 MSK 2026","Sun May 10 05:55:10 MSK 2026","25694","","Казуальные дымовые тесты - Документы - Открытие, проведение, запись","","","","Запись элемента документа ""Отчет комиссионера о списании"" (ОтчетКомиссионераОСписании)",""
"passed","Sun May 10 06:32:39 MSK 2026","Sun May 10 06:32:48 MSK 2026","8844","","Казуальные дымовые тесты - Справочники - Запись","","","","Запись элемента справочника ""Настройки загрузки номенклатуры"" (НастройкиЗагрузкиНоменклатуры)",""
"failed","Sun May 10 06:23:06 MSK 2026","Sun May 10 06:23:20 MSK 2026","14288","","Казуальные дымовые тесты - Справочники - Запись","","","","Запись элемента справочника ""Идентификаторы объектов метаданных"" (ИдентификаторыОбъектовМетаданных)",""
"passed","Sun May 10 06:28:30 MSK 2026","Sun May 10 06:28:52 MSK 2026","21747","","Казуальные дымовые тесты - Справочники - Запись","","","","Запись элемента справочника ""Подключаемое оборудование"" (ПодключаемоеОборудование)",""
"passed","Sun May 10 05:42:18 MSK 2026","Sun May 10 05:42:20 MSK 2026","2029","","Печатная форма - Расходная","","","","Закрываем клиент тестирования",""
"passed","Sun May 10 07:46:04 MSK 2026","Sun May 10 07:46:09 MSK 2026","5016","","Казуальные дымовые тесты - Группы справочников - Запись","","","","Запись элемента группы справочника ""Ключи расчета сводных таблиц"" (КлючиРасчетаСводныхТаблиц)",""
"passed","Sun May 10 06:15:41 MSK 2026","Sun May 10 06:16:04 MSK 2026","22773","","Критические дымовые тесты - Документы - Открытие, проведение, запись","","","","Запись элемента документа ""Корректировка назначения товаров"" (КорректировкаНазначенияТоваров)",""
"passed","Sun May 10 05:49:37 MSK 2026","Sun May 10 05:49:45 MSK 2026","7855","","Казуальные дымовые тесты - Документы - Открытие, проведение, запись","","","","Запись элемента документа ""Финансы маркетплейсов за сутки"" (ФинансыМаркетплейсовЗаСутки)",""
"passed","Sun May 10 06:23:38 MSK 2026","Sun May 10 06:23:45 MSK 2026","6798","","Казуальные дымовые тесты - Справочники - Запись","","","","Запись элемента справочника ""Справочник БИК"" (КлассификаторБанков)",""
"passed","Sun May 10 07:43:24 MSK 2026","Sun May 10 07:43:29 MSK 2026","5271","","Казуальные дымовые тесты - Группы справочников - Запись","","","","Запись элемента группы справочника ""Производители"" (Производители)",""
"failed","Sun May 10 04:44:28 MSK 2026","Sun May 10 04:44:48 MSK 2026","19256","","Заявка на расход ДС","","","","Формирование заявки на расход ДС",""
"passed","Sun May 10 06:06:38 MSK 2026","Sun May 10 06:06:47 MSK 2026","8517","","Критические дымовые тесты - Документы - Открытие, проведение, запись","","","","Запись элемента документа ""Складское перемещение товаров"" (ТСД_ПеремещениеТоваров)",""
"passed","Sun May 10 05:48:58 MSK 2026","Sun May 10 05:49:07 MSK 2026","8209","","Казуальные дымовые тесты - Документы - Открытие, проведение, запись","","","","Запись элемента документа ""Финансы маркетплейсов"" (ФинансыМаркетплейсов)",""
"passed","Sun May 10 07:00:38 MSK 2026","Sun May 10 07:00:50 MSK 2026","11853","","Казуальные дымовые тесты - Группы справочников - Запись","","","","Запись элемента группы справочника ""Справочник БИК"" (КлассификаторБанков)",""
"passed","Sun May 10 06:22:49 MSK 2026","Sun May 10 06:22:59 MSK 2026","9778","","Казуальные дымовые тесты - Справочники - Запись","","","","Запись элемента справочника ""Соглашения об условиях продаж"" (СоглашенияСКлиентами)",""
"passed","Sun May 10 07:47:13 MSK 2026","Sun May 10 07:48:33 MSK 2026","79444","","Казуальные дымовые тесты - Группы справочников - Запись","","","","Запись элемента группы справочника ""Физические лица"" (ФизическиеЛица)",""
"passed","Sun May 10 05:57:45 MSK 2026","Sun May 10 05:57:50 MSK 2026","4981","","Казуальные дымовые тесты - Документы - Открытие, проведение, запись","","","","Запись элемента документа ""Заказ на эмиссию кодов маркировки СУЗ ИСМП"" (ЗаказНаЭмиссиюКодовМаркировкиСУЗ)",""
"passed","Sun May 10 06:26:00 MSK 2026","Sun May 10 06:26:10 MSK 2026","9819","","Казуальные дымовые тесты - Справочники - Запись","","","","Запись элемента справочника ""Соглашения об условиях закупок"" (СоглашенияСПоставщиками)",""
"passed","Sun May 10 06:51:35 MSK 2026","Sun May 10 06:51:43 MSK 2026","7626","","Казуальные дымовые тесты - Справочники - Запись","","","","Запись элемента справочника ""Ставки НДС"" (СтавкиНДС)",""
"passed","Sun May 10 05:59:13 MSK 2026","Sun May 10 05:59:21 MSK 2026","7793","","Казуальные дымовые тесты - Документы - Открытие, проведение, запись","","","","Запись элемента документа ""Установка порогов оповещения остатков"" (УстановкаПороговОповещенияОстатков)",""
"passed","Sun May 10 06:59:28 MSK 2026","Sun May 10 06:59:59 MSK 2026","30887","","Критические дымовые тесты - Справочники - Запись","","","","Запись элемента справочника ""Отчеты"" (ВариантыОтчетов)",""
"failed","Sun May 10 06:19:49 MSK 2026","Sun May 10 06:20:04 MSK 2026","14937","","Критические дымовые тесты - Документы - Открытие, проведение, запись","","","","Запись элемента документа ""Ордер на отражение порчи товаров"" (ОрдерНаОтражениеПорчиТоваров)",""
"passed","Sun May 10 05:52:14 MSK 2026","Sun May 10 05:52:21 MSK 2026","7351","","Казуальные дымовые тесты - Документы - Открытие, проведение, запись","","","","Запись элемента документа ""Сообщение SMS"" (СообщениеSMS)",""
"passed","Sun May 10 06:23:27 MSK 2026","Sun May 10 06:23:38 MSK 2026","10787","","Казуальные дымовые тесты - Справочники - Запись","","","","Запись элемента группы справочника ""Справочник БИК"" (КлассификаторБанков)",""
"passed","Sun May 10 06:54:44 MSK 2026","Sun May 10 06:54:49 MSK 2026","4871","","Казуальные дымовые тесты - Справочники - Запись","","","","Запись элемента справочника ""Виды работ"" (ВидыРабот)",""
"passed","Sun May 10 06:09:22 MSK 2026","Sun May 10 06:09:49 MSK 2026","26789","","Критические дымовые тесты - Документы - Открытие, проведение, запись","","","","Запись элемента документа ""Приобретение услуг и прочих активов"" (ПриобретениеУслугПрочихАктивов)",""
"passed","Sun May 10 06:26:57 MSK 2026","Sun May 10 06:27:04 MSK 2026","6778","","Казуальные дымовые тесты - Справочники - Запись","","","","Запись элемента справочника ""Группы складских ячеек"" (ТСД_ГруппыСкладскихЯчеек)",""
"passed","Sun May 10 06:17:53 MSK 2026","Sun May 10 06:18:06 MSK 2026","12735","","Критические дымовые тесты - Документы - Открытие, проведение, запись","","","","Запись элемента документа ""Ордер на отражение недостач товаров"" (ОрдерНаОтражениеНедостачТоваров)",""
"passed","Sun May 10 07:49:45 MSK 2026","Sun May 10 07:49:46 MSK 2026","1204","","Критические дымовые тесты - Группы справочников - Запись","","","","Закрываем клиент тестирования",""
"passed","Sun May 10 06:49:17 MSK 2026","Sun May 10 06:49:25 MSK 2026","7690","","Казуальные дымовые тесты - Справочники - Запись","","","","Запись элемента справочника ""Настройки РМК"" (НастройкиРМК)",""
"passed","Sun May 10 06:01:08 MSK 2026","Sun May 10 06:01:50 MSK 2026","42380","","Критические дымовые тесты - Документы - Открытие, проведение, запись","","","","Запись элемента документа ""Реализация товаров и услуг"" (РеализацияТоваровУслуг)",""
"passed","Sun May 10 06:22:59 MSK 2026","Sun May 10 06:23:06 MSK 2026","6786","","Казуальные дымовые тесты - Справочники - Запись","","","","Запись элемента справочника ""Ключи аналитики учета партий"" (КлючиАналитикиУчетаПартий)",""
"passed","Sun May 10 06:57:55 MSK 2026","Sun May 10 06:58:03 MSK 2026","7727","","Критические дымовые тесты - Справочники - Запись","","","","Запись элемента справочника ""Серии номенклатуры"" (СерииНоменклатуры)",""
"passed","Sun May 10 06:52:04 MSK 2026","Sun May 10 06:52:11 MSK 2026","6813","","Казуальные дымовые тесты - Справочники - Запись","","","","Запись элемента справочника ""Виды цен поставщиков"" (ВидыЦенПоставщиков)",""
"passed","Sun May 10 05:53:07 MSK 2026","Sun May 10 05:53:20 MSK 2026","12820","","Казуальные дымовые тесты - Документы - Открытие, проведение, запись","","","","Запись элемента документа ""Начисления по кредитам и депозитам"" (НачисленияКредитовИДепозитов)",""
"passed","Sun May 10 06:17:24 MSK 2026","Sun May 10 06:17:43 MSK 2026","18718","","Критические дымовые тесты - Документы - Открытие, проведение, запись","","","","Запись элемента документа ""Оприходование излишков товаров"" (ОприходованиеИзлишковТоваров)",""
"passed","Sun May 10 06:11:38 MSK 2026","Sun May 10 06:11:53 MSK 2026","14711","","Критические дымовые тесты - Документы - Открытие, проведение, запись","","","","Запись элемента документа ""Отчет о розничных возвратах"" (ОтчетОРозничныхВозвратах)",""
"passed","Sun May 10 06:50:50 MSK 2026","Sun May 10 06:50:58 MSK 2026","7737","","Казуальные дымовые тесты - Справочники - Запись","","","","Запись элемента справочника ""Графики оплаты"" (ГрафикиОплаты)",""
"passed","Sun May 10 06:29:30 MSK 2026","Sun May 10 06:29:37 MSK 2026","6829","","Казуальные дымовые тесты - Справочники - Запись","","","","Запись элемента справочника ""Складские помещения"" (СкладскиеПомещения)",""
"passed","Sun May 10 06:58:03 MSK 2026","Sun May 10 06:58:16 MSK 2026","12826","","Критические дымовые тесты - Справочники - Запись","","","","Запись элемента справочника ""Контрагенты"" (Контрагенты)",""
"passed","Sun May 10 06:51:30 MSK 2026","Sun May 10 06:51:35 MSK 2026","5152","","Казуальные дымовые тесты - Справочники - Запись","","","","Запись элемента справочника ""Настройки выгрузки прайсов"" (НастройкиВыгрузкиПрайсов)",""
"passed","Sun May 10 06:14:26 MSK 2026","Sun May 10 06:14:35 MSK 2026","8916","","Критические дымовые тесты - Документы - Открытие, проведение, запись","","","","Запись элемента документа ""Транспортная накладная"" (ТранспортнаяНакладная)",""
"passed","Sun May 10 05:55:54 MSK 2026","Sun May 10 05:56:10 MSK 2026","16190","","Казуальные дымовые тесты - Документы - Открытие, проведение, запись","","","","Запись элемента документа ""Исходящий электронный документ"" (ЭлектронныйДокументИсходящийЭДО)",""
"passed","Sun May 10 06:35:02 MSK 2026","Sun May 10 06:48:53 MSK 2026","830874","","Казуальные дымовые тесты - Справочники - Запись","","","","Запись элемента справочника ""Ключи расчета сводных таблиц"" (КлючиРасчетаСводныхТаблиц)",""
"passed","Sun May 10 06:26:18 MSK 2026","Sun May 10 06:26:27 MSK 2026","8749","","Казуальные дымовые тесты - Справочники - Запись","","","","Запись элемента справочника ""Претензии"" (Претензии)",""
"passed","Sun May 10 06:10:58 MSK 2026","Sun May 10 06:11:28 MSK 2026","29913","","Критические дымовые тесты - Документы - Открытие, проведение, запись","","","","Запись элемента документа ""Заявка на возврат товаров от клиента"" (ЗаявкаНаВозвратТоваровОтКлиента)",""
"passed","Sun May 10 06:30:02 MSK 2026","Sun May 10 06:30:10 MSK 2026","7729","","Казуальные дымовые тесты - Справочники - Запись","","","","Запись элемента справочника ""Статьи движения денежных средств"" (СтатьиДвиженияДенежныхСредств)",""
"passed","Sun May 10 06:49:25 MSK 2026","Sun May 10 06:49:33 MSK 2026","7829","","Казуальные дымовые тесты - Справочники - Запись","","","","Запись элемента справочника ""Эквайринговые терминалы"" (ЭквайринговыеТерминалы)",""
"passed","Sun May 10 06:34:15 MSK 2026","Sun May 10 06:34:20 MSK 2026","5332","","Казуальные дымовые тесты - Справочники - Запись","","","","Запись элемента справочника ""Предопределенные варианты отчетов расширений"" (ПредопределенныеВариантыОтчетовРасширений)",""
"passed","Sun May 10 05:43:42 MSK 2026","Sun May 10 05:44:09 MSK 2026","27480","","Казуальные дымовые тесты - Документы - Открытие, проведение, запись","","","","Закрыть окно о копии базы",""
"passed","Sun May 10 06:03:49 MSK 2026","Sun May 10 06:04:04 MSK 2026","14702","","Критические дымовые тесты - Документы - Открытие, проведение, запись","","","","Запись элемента документа ""Заказ-наряд"" (ЗаказНаряд)",""
"passed","Sun May 10 05:51:20 MSK 2026","Sun May 10 05:51:25 MSK 2026","5210","","Казуальные дымовые тесты - Документы - Открытие, проведение, запись","","","","Запись элемента документа ""Расчет себестоимости товаров"" (РасчетСебестоимостиТоваров)",""
"passed","Sun May 10 06:29:06 MSK 2026","Sun May 10 06:29:14 MSK 2026","7758","","Казуальные дымовые тесты - Справочники - Запись","","","","Запись элемента справочника ""Товарные категории"" (ТоварныеКатегории)",""
"passed","Sun May 10 06:33:14 MSK 2026","Sun May 10 06:33:21 MSK 2026","6752","","Казуальные дымовые тесты - Справочники - Запись","","","","Запись элемента справочника ""Настройки формирования остатков ФА (УОТ ФА)"" (CG_Online_НастройкиФормированияОстатков_ФА)",""
"passed","Sun May 10 06:21:40 MSK 2026","Sun May 10 06:21:41 MSK 2026","1215","","Критические дымовые тесты - Документы - Открытие, проведение, запись","","","","Закрываем клиент тестирования",""
"passed","Sun May 10 04:44:23 MSK 2026","Sun May 10 04:44:28 MSK 2026","5698","","Заявка на расход ДС","","","","Настройка лицензий БИТ",""
"passed","Sun May 10 06:27:04 MSK 2026","Sun May 10 06:27:14 MSK 2026","9858","","Казуальные дымовые тесты - Справочники - Запись","","","","Запись элемента справочника ""Группы доступа"" (ГруппыДоступа)",""
"failed","Sun May 10 04:32:39 MSK 2026","Sun May 10 04:37:00 MSK 2026","261257","","Заказ клиента на 10 позиций","","","","Заказ клиента на 10 позиций",""
"passed","Sun May 10 06:28:08 MSK 2026","Sun May 10 06:28:16 MSK 2026","7464","","Казуальные дымовые тесты - Справочники - Запись","","","","Запись элемента справочника ""Марки (бренды)"" (Марки)",""
"passed","Sun May 10 07:43:11 MSK 2026","Sun May 10 07:43:19 MSK 2026","7744","","Казуальные дымовые тесты - Группы справочников - Запись","","","","Запись элемента группы справочника ""Дополнительные отчеты и обработки"" (ДополнительныеОтчетыИОбработки)",""
"passed","Sun May 10 04:44:54 MSK 2026","Sun May 10 04:44:56 MSK 2026","1821","","Заявка на расход ДС","","","","Закрываем клиент тестирования",""
"passed","Sun May 10 06:06:47 MSK 2026","Sun May 10 06:07:11 MSK 2026","24368","","Критические дымовые тесты - Документы - Открытие, проведение, запись","","","","Запись элемента документа ""Заказ на перемещение"" (ЗаказНаПеремещение)",""
"passed","Sun May 10 07:46:30 MSK 2026","Sun May 10 07:46:40 MSK 2026","9734","","Казуальные дымовые тесты - Группы справочников - Запись","","","","Запись элемента группы справочника ""Сегменты клиентов"" (СегментыПартнеров)",""
"passed","Sun May 10 06:49:33 MSK 2026","Sun May 10 06:49:38 MSK 2026","4948","","Казуальные дымовые тесты - Справочники - Запись","","","","Запись элемента справочника ""Причины уценки оборудования"" (ПричиныУценкиОборудования)",""
"passed","Sun May 10 07:44:16 MSK 2026","Sun May 10 07:44:21 MSK 2026","4985","","Казуальные дымовые тесты - Группы справочников - Запись","","","","Запись элемента группы справочника ""Виды контактной информации"" (ВидыКонтактнойИнформации)",""
"passed","Sun May 10 06:54:30 MSK 2026","Sun May 10 06:54:37 MSK 2026","6671","","Казуальные дымовые тесты - Справочники - Запись","","","","Запись элемента справочника ""Типы маркетинговых акций"" (ТипыМаркетинговыхАкций)",""
"passed","Sun May 10 06:27:35 MSK 2026","Sun May 10 06:27:43 MSK 2026","7957","","Казуальные дымовые тесты - Справочники - Запись","","","","Запись элемента группы справочника ""Дополнительные отчеты и обработки"" (ДополнительныеОтчетыИОбработки)",""
"passed","Sun May 10 06:54:37 MSK 2026","Sun May 10 06:54:44 MSK 2026","6803","","Казуальные дымовые тесты - Справочники - Запись","","","","Запись элемента справочника ""Правила распределения расходов"" (ПравилаРаспределенияРасходов)",""
"passed","Sun May 10 04:31:23 MSK 2026","Sun May 10 04:31:48 MSK 2026","25912","","Возврат товаров поставщику","","","","Закрываем клиент тестирования",""
"passed","Sun May 10 05:52:21 MSK 2026","Sun May 10 05:52:30 MSK 2026","8467","","Казуальные дымовые тесты - Документы - Открытие, проведение, запись","","","","Запись элемента документа ""Назначение соответствия аналитик"" (бит_НазначениеСоответствияАналитик)",""
"passed","Sun May 10 06:02:36 MSK 2026","Sun May 10 06:02:59 MSK 2026","22819","","Критические дымовые тесты - Документы - Открытие, проведение, запись","","","","Запись элемента документа ""Расходный ордер на товары"" (РасходныйОрдерНаТовары)",""
"passed","Sun May 10 06:25:02 MSK 2026","Sun May 10 06:25:09 MSK 2026","6968","","Казуальные дымовые тесты - Справочники - Запись","","","","Запись элемента справочника ""Дополнительные значения аналитик и субконто"" (бит_ДополнительныеЗначенияАналитик)",""
"passed","Sun May 10 06:50:02 MSK 2026","Sun May 10 06:50:25 MSK 2026","23016","","Казуальные дымовые тесты - Справочники - Запись","","","","Запись элемента справочника ""Рассылки отчетов"" (РассылкиОтчетов)",""
"passed","Sun May 10 04:44:57 MSK 2026","Sun May 10 04:45:27 MSK 2026","30299","","Печатная форма - Расходная","","","","Вход под клиентом",""
"passed","Sun May 10 05:45:37 MSK 2026","Sun May 10 05:46:29 MSK 2026","51672","","Казуальные дымовые тесты - Документы - Открытие, проведение, запись","","","","Запись элемента документа ""Передача товаров между организациями"" (ПередачаТоваровМеждуОрганизациями)",""
"passed","Sun May 10 07:47:08 MSK 2026","Sun May 10 07:47:13 MSK 2026","5040","","Казуальные дымовые тесты - Группы справочников - Запись","","","","Запись элемента группы справочника ""Графики работы"" (Календари)",""
"passed","Sun May 10 06:53:39 MSK 2026","Sun May 10 06:53:58 MSK 2026","18716","","Казуальные дымовые тесты - Справочники - Запись","","","","Запись элемента справочника ""Виды подарочных сертификатов"" (ВидыПодарочныхСертификатов)",""
"passed","Sun May 10 04:55:57 MSK 2026","Sun May 10 05:05:14 MSK 2026","556799","","Печатная форма - Расходная","","","","ФИТАТЛОН",""
"passed","Sun May 10 05:56:37 MSK 2026","Sun May 10 05:56:42 MSK 2026","5045","","Казуальные дымовые тесты - Документы - Открытие, проведение, запись","","","","Запись элемента документа ""Отчет по комиссии между организациями"" (ОтчетПоКомиссииМеждуОрганизациями)",""
"passed","Sun May 10 06:17:43 MSK 2026","Sun May 10 06:17:53 MSK 2026","9917","","Критические дымовые тесты - Документы - Открытие, проведение, запись","","","","Запись элемента документа ""Детализация расчета DDP"" (ДетализацияРасчетаDDP)",""
"passed","Sun May 10 07:48:33 MSK 2026","Sun May 10 07:48:34 MSK 2026","1212","","Казуальные дымовые тесты - Группы справочников - Запись","","","","Закрываем клиент тестирования",""
"passed","Sun May 10 06:55:48 MSK 2026","Sun May 10 06:55:55 MSK 2026","6765","","Казуальные дымовые тесты - Справочники - Запись","","","","Запись элемента справочника ""Коробки номенклатуры"" (КоробкиНоменклатуры)",""
"passed","Sun May 10 05:50:25 MSK 2026","Sun May 10 05:50:30 MSK 2026","4849","","Казуальные дымовые тесты - Документы - Открытие, проведение, запись","","","","Запись элемента документа ""Возврат в оборот ИС МП"" (ВозвратВОборотИСМП)",""
"passed","Sun May 10 05:47:04 MSK 2026","Sun May 10 05:47:33 MSK 2026","28113","","Казуальные дымовые тесты - Документы - Открытие, проведение, запись","","","","Запись элемента документа ""Операция по платежной карте"" (ОперацияПоПлатежнойКарте)",""
"passed","Sun May 10 06:32:31 MSK 2026","Sun May 10 06:32:39 MSK 2026","7372","","Казуальные дымовые тесты - Справочники - Запись","","","","Запись элемента справочника ""Виды контактной информации"" (ВидыКонтактнойИнформации)",""
"passed","Sun May 10 05:49:15 MSK 2026","Sun May 10 05:49:37 MSK 2026","21345","","Казуальные дымовые тесты - Документы - Открытие, проведение, запись","","","","Запись элемента документа ""Расчет курсовых разниц"" (РасчетКурсовыхРазниц)",""
"passed","Sun May 10 05:58:26 MSK 2026","Sun May 10 05:58:31 MSK 2026","4986","","Казуальные дымовые тесты - Документы - Открытие, проведение, запись","","","","Запись элемента документа ""Установка соответствия по менеджерам партнера"" (УстановкаСоответствияПоМенеджерамПартнера)",""
"passed","Sun May 10 05:48:16 MSK 2026","Sun May 10 05:48:27 MSK 2026","10707","","Казуальные дымовые тесты - Документы - Открытие, проведение, запись","","","","Запись элемента документа ""Сверка взаиморасчетов"" (СверкаВзаиморасчетов)",""
"passed","Sun May 10 05:54:06 MSK 2026","Sun May 10 05:54:11 MSK 2026","4922","","Казуальные дымовые тесты - Документы - Открытие, проведение, запись","","","","Запись элемента документа ""Входящий электронный документ"" (ЭлектронныйДокументВходящийЭДО)",""
"failed","Sun May 10 06:11:53 MSK 2026","Sun May 10 06:12:08 MSK 2026","15236","","Критические дымовые тесты - Документы - Открытие, проведение, запись","","","","Запись элемента документа ""Счет-фактура выданный комиссионеру (агенту)"" (СчетФактураКомиссионеру)",""
"passed","Sun May 10 06:24:18 MSK 2026","Sun May 10 06:24:23 MSK 2026","5528","","Казуальные дымовые тесты - Справочники - Запись","","","","Запись элемента справочника ""Наборы дополнительных реквизитов и сведений"" (НаборыДополнительныхРеквизитовИСведений)",""
"passed","Sun May 10 06:04:04 MSK 2026","Sun May 10 06:04:36 MSK 2026","32149","","Критические дымовые тесты - Документы - Открытие, проведение, запись","","","","Запись элемента документа ""Списание безналичных денежных средств"" (СписаниеБезналичныхДенежныхСредств)",""
"passed","Sun May 10 06:54:15 MSK 2026","Sun May 10 06:54:23 MSK 2026","7728","","Казуальные дымовые тесты - Справочники - Запись","","","","Запись элемента справочника ""Договоры эквайринга"" (ДоговорыЭквайринга)",""
"passed","Sun May 10 06:54:57 MSK 2026","Sun May 10 06:55:02 MSK 2026","4873","","Казуальные дымовые тесты - Справочники - Запись","","","","Запись элемента справочника ""Качество"" (Качество)",""
"passed","Sun May 10 06:18:06 MSK 2026","Sun May 10 06:18:21 MSK 2026","14728","","Критические дымовые тесты - Документы - Открытие, проведение, запись","","","","Запись элемента документа ""Бронирование тендеров"" (БронированиеТендеров)",""
"passed","Sun May 10 04:37:11 MSK 2026","Sun May 10 04:37:44 MSK 2026","32439","","Создание Заказа клиента и сборки","","","","сброс пароля пользователя",""
"passed","Sun May 10 04:31:04 MSK 2026","Sun May 10 04:31:22 MSK 2026","18688","","Возврат товаров поставщику","","","","Создание Возврата товаров поставщику",""
"passed","Sun May 10 06:24:30 MSK 2026","Sun May 10 06:24:38 MSK 2026","7782","","Казуальные дымовые тесты - Справочники - Запись","","","","Запись элемента справочника ""Складские ячейки"" (СкладскиеЯчейки)",""
"passed","Sun May 10 05:45:14 MSK 2026","Sun May 10 05:45:20 MSK 2026","6448","","Казуальные дымовые тесты - Документы - Открытие, проведение, запись","","","","Запись элемента документа ""Взаимозачет задолженности"" (ВзаимозачетЗадолженности)",""
"passed","Sun May 10 07:44:21 MSK 2026","Sun May 10 07:44:32 MSK 2026","10524","","Казуальные дымовые тесты - Группы справочников - Запись","","","","Запись элемента группы справочника ""Настройки загрузки номенклатуры"" (НастройкиЗагрузкиНоменклатуры)",""
"passed","Sun May 10 05:23:42 MSK 2026","Sun May 10 05:33:01 MSK 2026","558745","","Печатная форма - Расходная","","","","ПРОДАВЕЦ",""
"passed","Sun May 10 06:58:16 MSK 2026","Sun May 10 06:58:43 MSK 2026","26870","","Критические дымовые тесты - Справочники - Запись","","","","Запись элемента справочника ""Партнеры"" (Партнеры)",""
"passed","Sun May 10 06:55:55 MSK 2026","Sun May 10 06:56:06 MSK 2026","10851","","Казуальные дымовые тесты - Справочники - Запись","","","","Запись элемента справочника ""Физические лица"" (ФизическиеЛица)",""
"passed","Sun May 10 06:32:56 MSK 2026","Sun May 10 06:33:06 MSK 2026","9865","","Казуальные дымовые тесты - Справочники - Запись","","","","Запись элемента справочника ""Виды цен (Колонки прайс-листа)"" (ВидыЦен)",""
"failed","Sun May 10 04:43:22 MSK 2026","Sun May 10 04:43:33 MSK 2026","11016","","Создание Заказа клиента и сборки","","","","Работа с ТСД",""
"passed","Sun May 10 07:00:58 MSK 2026","Sun May 10 07:01:08 MSK 2026","9964","","Казуальные дымовые тесты - Группы справочников - Запись","","","","Запись элемента группы справочника ""Наборы дополнительных реквизитов и сведений"" (НаборыДополнительныхРеквизитовИСведений)",""
"passed","Sun May 10 06:55:02 MSK 2026","Sun May 10 06:55:10 MSK 2026","7808","","Казуальные дымовые тесты - Справочники - Запись","","","","Запись элемента справочника ""Графики работы"" (Календари)",""
"passed","Sun May 10 06:07:11 MSK 2026","Sun May 10 06:07:41 MSK 2026","29204","","Критические дымовые тесты - Документы - Открытие, проведение, запись","","","","Запись элемента документа ""Приходный кассовый ордер"" (ПриходныйКассовыйОрдер)",""
"passed","Sun May 10 05:56:10 MSK 2026","Sun May 10 05:56:20 MSK 2026","9359","","Казуальные дымовые тесты - Документы - Открытие, проведение, запись","","","","Запись элемента документа ""Закрытие заказов"" (ЗакрытиеЗаказов_ФА)",""
"failed","Sun May 10 05:53:43 MSK 2026","Sun May 10 05:54:00 MSK 2026","16982","","Казуальные дымовые тесты - Документы - Открытие, проведение, запись","","","","Запись элемента документа ""Корректировка приобретения"" (КорректировкаПриобретения)",""
"passed","Sun May 10 06:49:52 MSK 2026","Sun May 10 06:50:02 MSK 2026","9796","","Казуальные дымовые тесты - Справочники - Запись","","","","Запись элемента справочника ""Кассы"" (Кассы)",""
"passed","Sun May 10 06:03:20 MSK 2026","Sun May 10 06:03:49 MSK 2026","28777","","Критические дымовые тесты - Документы - Открытие, проведение, запись","","","","Запись элемента документа ""Поступление безналичных денежных средств"" (ПоступлениеБезналичныхДенежныхСредств)",""
"passed","Sun May 10 06:22:34 MSK 2026","Sun May 10 06:22:41 MSK 2026","6803","","Казуальные дымовые тесты - Справочники - Запись","","","","Запись элемента справочника ""Коробки составных товаров"" (КоробкиСоставныхТоваров)",""
"passed","Sun May 10 04:42:27 MSK 2026","Sun May 10 04:42:37 MSK 2026","9343","","Создание Заказа клиента и сборки","","","","Проверка печатной формы заказа на сборку",""
"passed","Sun May 10 06:01:02 MSK 2026","Sun May 10 06:01:08 MSK 2026","5284","","Критические дымовые тесты - Документы - Открытие, проведение, запись","","","","Запись элемента документа ""Регистратор расчетов"" (РегистраторРасчетов)",""
"passed","Sun May 10 06:56:29 MSK 2026","Sun May 10 06:56:43 MSK 2026","13951","","Критические дымовые тесты - Справочники - Запись","","","","Запись элемента справочника ""Объекты расчетов"" (ОбъектыРасчетов)",""
"passed","Sun May 10 05:42:20 MSK 2026","Sun May 10 05:42:58 MSK 2026","38167","","Проверка формирования УПД","","","","Сброс пароля пользователя",""
"passed","Sun May 10 06:33:28 MSK 2026","Sun May 10 06:33:36 MSK 2026","7697","","Казуальные дымовые тесты - Справочники - Запись","","","","Запись элемента справочника ""Условия предоставления скидок (наценок)"" (УсловияПредоставленияСкидокНаценок)",""
"failed","Sun May 10 05:50:44 MSK 2026","Sun May 10 05:50:58 MSK 2026","14087","","Казуальные дымовые тесты - Документы - Открытие, проведение, запись","","","","Запись элемента документа ""Сводная справка НДС"" (СводнаяСправкаНДС)",""
"passed","Sun May 10 06:27:43 MSK 2026","Sun May 10 06:28:08 MSK 2026","25216","","Казуальные дымовые тесты - Справочники - Запись","","","","Запись элемента справочника ""Дополнительные отчеты и обработки"" (ДополнительныеОтчетыИОбработки)",""
"passed","Sun May 10 06:18:44 MSK 2026","Sun May 10 06:18:49 MSK 2026","4930","","Критические дымовые тесты - Документы - Открытие, проведение, запись","","","","Запись элемента документа ""Чек ККМ на возврат"" (ЧекККМВозврат)",""
"passed","Sun May 10 04:44:56 MSK 2026","Sun May 10 04:44:56 MSK 2026","34","","Печатная форма - Расходная","","","","Выключение уведомлений",""
"passed","Sun May 10 06:53:32 MSK 2026","Sun May 10 06:53:39 MSK 2026","6865","","Казуальные дымовые тесты - Справочники - Запись","","","","Запись элемента справочника ""Зоны доставки"" (ЗоныДоставки)",""
"passed","Sun May 10 04:43:53 MSK 2026","Sun May 10 04:44:09 MSK 2026","16095","","Заявка на расход ДС","","","","сброс пароля пользователя",""
"passed","Sun May 10 06:34:45 MSK 2026","Sun May 10 06:34:55 MSK 2026","9782","","Казуальные дымовые тесты - Справочники - Запись","","","","Запись элемента справочника ""Проекты"" (Проекты)",""
"passed","Sun May 10 07:43:35 MSK 2026","Sun May 10 07:43:46 MSK 2026","10570","","Казуальные дымовые тесты - Группы справочников - Запись","","","","Запись элемента группы справочника ""Товарные категории"" (ТоварныеКатегории)",""
"failed","Sun May 10 05:50:02 MSK 2026","Sun May 10 05:50:19 MSK 2026","16996","","Казуальные дымовые тесты - Документы - Открытие, проведение, запись","","","","Запись элемента документа ""Отчет комиссионера (агента) о продажах"" (ОтчетКомиссионера)",""
"passed","Sun May 10 06:55:32 MSK 2026","Sun May 10 06:55:40 MSK 2026","7757","","Казуальные дымовые тесты - Справочники - Запись","","","","Запись элемента справочника ""Настройки подключения (АИСО)"" (аисо_НастройкиПодключения)",""
"passed","Sun May 10 06:09:49 MSK 2026","Sun May 10 06:10:05 MSK 2026","16254","","Критические дымовые тесты - Документы - Открытие, проведение, запись","","","","Запись элемента документа ""Интерес/Обращение"" (CRM_Интерес)",""
"passed","Sun May 10 07:09:10 MSK 2026","Sun May 10 07:09:19 MSK 2026","8770","","Казуальные дымовые тесты - Группы справочников - Запись","","","","Запись элемента группы справочника ""Складские ячейки"" (СкладскиеЯчейки)",""
"passed","Sun May 10 05:54:17 MSK 2026","Sun May 10 05:54:44 MSK 2026","26940","","Казуальные дымовые тесты - Документы - Открытие, проведение, запись","","","","Запись элемента документа ""Корректировка реализации"" (КорректировкаРеализации)",""
"passed","Sun May 10 05:43:40 MSK 2026","Sun May 10 05:43:42 MSK 2026","1819","","Проверка формирования УПД","","","","Закрываем клиент тестирования",""
"passed","Sun May 10 06:02:59 MSK 2026","Sun May 10 06:03:09 MSK 2026","9915","","Критические дымовые тесты - Документы - Открытие, проведение, запись","","","","Запись элемента документа ""Отбор товаров"" (ТСД_ОтборТоваров)",""
"passed","Sun May 10 04:37:09 MSK 2026","Sun May 10 04:37:11 MSK 2026","2033","","Заказ клиента на 10 позиций","","","","Закрываем клиент тестирования",""
"passed","Sun May 10 06:56:58 MSK 2026","Sun May 10 06:57:47 MSK 2026","48863","","Критические дымовые тесты - Справочники - Запись","","","","Запись элемента справочника ""Номенклатура"" (Номенклатура)",""
"passed","Sun May 10 06:26:27 MSK 2026","Sun May 10 06:26:38 MSK 2026","10780","","Казуальные дымовые тесты - Справочники - Запись","","","","Запись элемента справочника ""Пользователи"" (Пользователи)",""
"passed","Sun May 10 06:25:39 MSK 2026","Sun May 10 06:25:52 MSK 2026","12496","","Казуальные дымовые тесты - Справочники - Запись","","","","Запись элемента справочника ""Карты лояльности"" (КартыЛояльности)",""
"failed","Sun May 10 06:23:52 MSK 2026","Sun May 10 06:24:11 MSK 2026","19033","","Казуальные дымовые тесты - Справочники - Запись","","","","Запись элемента группы справочника ""Наборы дополнительных реквизитов и сведений"" (НаборыДополнительныхРеквизитовИСведений)",""
"passed","Sun May 10 07:00:16 MSK 2026","Sun May 10 07:00:37 MSK 2026","21105","","Казуальные дымовые тесты - Группы справочников - Запись","","","","Закрыть окно о копии базы",""
"passed","Sun May 10 07:46:40 MSK 2026","Sun May 10 07:46:52 MSK 2026","11795","","Казуальные дымовые тесты - Группы справочников - Запись","","","","Запись элемента группы справочника ""Зоны доставки"" (ЗоныДоставки)",""
"passed","Sun May 10 06:51:50 MSK 2026","Sun May 10 06:51:57 MSK 2026","6837","","Казуальные дымовые тесты - Справочники - Запись","","","","Запись элемента справочника ""Сайты"" (Сайты)",""
